{
 "event":119516329,
 "run":199318,
 "lumi":114,
 "date_time":"2012-Jul-20 05:06:01.561928 GMT",
 "dataset":"/Run2012C/DoubleMuParked/AOD/22Jan2013-v1",
    "muons":[{"pt":3.59408,"eta":-1.50158,"phi":0.785895,"charge":-1},
             {"pt":10.4293,"eta":-0.203421,"phi":-2.33635,"charge":1}]
}
